Artist_id,Artist_album_id,Artist_album_name,Album_tracks,Album_release_date,
3dayhmhJfL4I8w1PuL9MqQ,7ykjP8lX5msv0ZjZjykLsh,be mine,1,2023-04-28,
3dayhmhJfL4I8w1PuL9MqQ,1s6uzljfCJ6M2NmgWu7h9H,optimistic,1,2023-02-17,
3dayhmhJfL4I8w1PuL9MqQ,3y88HyXt2fDHhs00Hr4cFD,2nd Favourite 第二最愛,1,2022-12-15,
3dayhmhJfL4I8w1PuL9MqQ,5wYzjLUqMUBv7pPbMvWUgP,Self-made (Something Pt.2),1,2022-08-19,
3dayhmhJfL4I8w1PuL9MqQ,0FFAntk0L1LCmdZf2rHm0B,if i die tonight,2,2022-06-24,
3dayhmhJfL4I8w1PuL9MqQ,3p2buXwB34FSSt8c7PJxc4,i don't smoke & i don't drink,1,2022-03-23,
3dayhmhJfL4I8w1PuL9MqQ,13MmfXED6KtMvZW8RYWlh0,december,1,2021-12-24,
3dayhmhJfL4I8w1PuL9MqQ,59fBBYyNek6i29jPxHEkRd,That Guy,1,2021-11-19,
3dayhmhJfL4I8w1PuL9MqQ,0l8yGbapFo96OGzm9tfhEr,The Ad Song That We Didn’t Sell (DEMO),1,2021-10-19,
3dayhmhJfL4I8w1PuL9MqQ,3vkbYVbbiGBBt9IsFvUuW5,I'm Back Live (Live),5,2021-08-20,
3dayhmhJfL4I8w1PuL9MqQ,2R7sD1yDUwbuKnOJ0y3Ua1,Better,1,2021-07-24,
3dayhmhJfL4I8w1PuL9MqQ,7oiLBhTBbIwrjLm6LARYDo,In My Dream,1,2021-03-13,
3dayhmhJfL4I8w1PuL9MqQ,46Y1wE6eQ2KWQW5Qy1SfOH,Stranger,1,2021-01-14,
3dayhmhJfL4I8w1PuL9MqQ,3wFvj8gKRYA4DBEEemyck0,Stressed Out,1,2021-01-09,
3dayhmhJfL4I8w1PuL9MqQ,5ZxUqw4chz2H8dl4HghGPB,Something,1,2020-11-07,
3dayhmhJfL4I8w1PuL9MqQ,5reVHypbHzFRSro8x1M3S0,Fly,1,2020-07-19,
3dayhmhJfL4I8w1PuL9MqQ,5YAOaFsj8b0s34SDYeT1J5,忘記你,1,2020-05-15,
3dayhmhJfL4I8w1PuL9MqQ,0shJr4P1WmCAecEHuKLRQ1,Growing Up,1,2020-04-12,
3dayhmhJfL4I8w1PuL9MqQ,1Av8fJpgsYw62DcakVojuL,"She Said, Pt2",1,2020-01-27,
3dayhmhJfL4I8w1PuL9MqQ,45cM00t3wCXuxvMOHoZ4rv,Right Here,1,2019-10-11,
3dayhmhJfL4I8w1PuL9MqQ,6DWcImWspb4W0PgCVXhw7H,Christy,1,2019-07-22,
3dayhmhJfL4I8w1PuL9MqQ,7bgSiIVEqYc2sOMewCb2gF,To My Boss,1,2019-03-29,
3dayhmhJfL4I8w1PuL9MqQ,74WusxUVxp0Rdj9SkAFu0K,To My Boss,1,2019-03-29,
3dayhmhJfL4I8w1PuL9MqQ,4v3y9TPiyk05sWridruSoT,Let Go,1,2019-03-22,
3dayhmhJfL4I8w1PuL9MqQ,7qeXxhgCTGrulhiVAGeFVx,She Said,1,2019-01-25,
3dayhmhJfL4I8w1PuL9MqQ,13B4yT3s1no6guRignddg6,Bae,1,2018-11-09,
3dayhmhJfL4I8w1PuL9MqQ,0x1xZf3huCjpt0A405d4z0,To My Queen,1,2018-08-11,
3dayhmhJfL4I8w1PuL9MqQ,1i9NZgKrjl9gQVIczUEJYh,23,11,2020-08-18,
3dayhmhJfL4I8w1PuL9MqQ,08iLOPluVXkxYkeqLRos70,RISE,11,2023-12-29,
3dayhmhJfL4I8w1PuL9MqQ,5hZUgsII3WtoP9xGCkR2dj,SUMMER BLUES,54,2023-06-16,
3dayhmhJfL4I8w1PuL9MqQ,1ul9zbizLIgYYDXI8c9GYJ,Ireallylovetosing,10,2023-08-04,
3dayhmhJfL4I8w1PuL9MqQ,5dXoXMcOrVg7z7YhYUoef9,寂寞男孩 (feat. TYSON YOSHI),1,2019-11-12,
3dayhmhJfL4I8w1PuL9MqQ,7pX9nzHxhg0Tk9fj0raJeK,Proud of Being a Rapper,10,2019-06-21,
3dayhmhJfL4I8w1PuL9MqQ,0f5pjLRcpzy1E8T8EM2qBh,What I'm Feeling,1,2019-08-15,
45dkTj5sMRSjrmBSBeiHym,0OUOx6rJXtL66AzTnP9KUE,THINK LATER,14,2023-12-08,
45dkTj5sMRSjrmBSBeiHym,5fhTetHew6Eph6HfQ9O5gJ,i used to think i could fly,13,2022-05-27,
45dkTj5sMRSjrmBSBeiHym,7kA1X8P36UnRcUPMngcGiz,exes (Syn Cole Remix),1,2024-03-08,
45dkTj5sMRSjrmBSBeiHym,1U663EH8lg9Z0Jxk1hSWh9,exes (Regard Remix),1,2024-02-02,
45dkTj5sMRSjrmBSBeiHym,6iAheP6Xd45D2CocnMGMmE,Spotify OUTSIDE,1,2023-12-06,
45dkTj5sMRSjrmBSBeiHym,0dIpV8isK5mSDnSm8odPWW,greedy (remixes),6,2023-10-27,
45dkTj5sMRSjrmBSBeiHym,3UOV8XvCwMKaATRNXrYCjN,greedy,1,2023-09-15,
45dkTj5sMRSjrmBSBeiHym,77wWx9sOCJiy0wcn0P44NO,10:35,1,2022-11-03,
45dkTj5sMRSjrmBSBeiHym,0m9hqW0RDEHPNXxhiFUGSq,uh oh,1,2022-09-30,
45dkTj5sMRSjrmBSBeiHym,39ay2W7PKgxnECNDoSvqYu,what would you do? (Galantis Remix),1,2022-05-14,
45dkTj5sMRSjrmBSBeiHym,249BQ5FeDE1TqBLFlUt9uZ,she's all i wanna be (Acoustic),1,2021-11-10,
45dkTj5sMRSjrmBSBeiHym,0XiGU8X2kdQscNbohqwyIs,that way (with Jeremy Zucker),1,2021-09-03,
45dkTj5sMRSjrmBSBeiHym,4iCcsBlzVQVZoJzxBvhuyS,working,1,2021-06-17,
45dkTj5sMRSjrmBSBeiHym,4kfDRlrtpxkYkkrmKeLCnf,You (Acoustic),1,2021-06-11,
45dkTj5sMRSjrmBSBeiHym,6wZqkBToPOA6BMqmsk1KMN,working (feat. Khalid) [TELYKast Summer Remix],1,2021-06-01,
45dkTj5sMRSjrmBSBeiHym,14OfY1xDQxV8Ax31LpVSHW,that way (Jonasu Remix),1,2021-05-01,
45dkTj5sMRSjrmBSBeiHym,6cWawCk4DohREQA42eEOe1,You,1,2021-04-16,
45dkTj5sMRSjrmBSBeiHym,1BaHo66NCQNx6ku0hPn9bR,TOO YOUNG TO BE SAD,6,2021-03-26,
45dkTj5sMRSjrmBSBeiHym,3n56FAqm7LFZWcC1OpeT7a,slower (NOTD Remix),1,2021-03-22,
45dkTj5sMRSjrmBSBeiHym,7kkXWEWYpbZ1gqLpqaA2cR,slower (Moore Kismet Remix),1,2021-03-22,
45dkTj5sMRSjrmBSBeiHym,5tW1MR3RCVro60PILpxPrj,Darkest Hour (from the Amazon Original Series PANIC),1,2021-03-22,
45dkTj5sMRSjrmBSBeiHym,4xhcTm06KVa15xIpVk1hQt,Spotify Singles,2,2020-11-11,
45dkTj5sMRSjrmBSBeiHym,4BAEubwvC2r7bPRKlmRxUO,lie to me,1,2020-10-14,
45dkTj5sMRSjrmBSBeiHym,08Usy71SUwQRT09A7LTTgg,don't be sad,1,2020-08-20,
45dkTj5sMRSjrmBSBeiHym,0lRIk00NjjL2Io6732lPti,vicious,1,2020-06-19,
45dkTj5sMRSjrmBSBeiHym,5QYeXQ4AewfkmtDBlsxDtA,you broke me first (Luca Schreiner Remix),1,2020-06-01,
45dkTj5sMRSjrmBSBeiHym,3DgnBGjHc8kkDvjP0xse9x,you broke me first (Gryffin Remix),1,2020-06-01,
45dkTj5sMRSjrmBSBeiHym,3TFb8Wpl3qV4Gh9H94XiRZ,Boys Ain't Shit (feat. Tate McRae & Audrey Mika),1,2020-04-03,
45dkTj5sMRSjrmBSBeiHym,1fK6nUQDMeIciyfhAADix8,all the things i never said,5,2020-01-24,
45dkTj5sMRSjrmBSBeiHym,0B0bBMpNLNOkYoznDluiL6,Kids Are Alright,1,2019-03-29,
45dkTj5sMRSjrmBSBeiHym,5iyYTjDj9kt0rz8kjrnayq,Slip,1,2019-01-17,
45dkTj5sMRSjrmBSBeiHym,7jSZ6v4skvnBDh2ezEjPk3,Drown,1,2018-11-02,
45dkTj5sMRSjrmBSBeiHym,7uxkPJEel1MLzreQUmvra0,Teenage Mind,1,2018-08-17,
45dkTj5sMRSjrmBSBeiHym,3Kc3nYgijGkuQ8E99EX177,Can't Get It Out,1,2018-07-18,
45dkTj5sMRSjrmBSBeiHym,5rmvHHk9FIMWIrGcOBHXHA,Distant,1,2018-06-08,
45dkTj5sMRSjrmBSBeiHym,6uJoPnlKPUYsiSHsgl48Rr,Shoulder to Shoulder,1,2018-04-02,
45dkTj5sMRSjrmBSBeiHym,1SmTbMKkau9fgSPVqyO8Z7,Hard to Find,1,2017-12-19,
45dkTj5sMRSjrmBSBeiHym,1frUP08YTarlaENaJb9bpC,Hung up on You,1,2017-12-16,
45dkTj5sMRSjrmBSBeiHym,5dcblm6CNsl9cCiQ6CsKjr,One Day,1,2017-12-04,
45dkTj5sMRSjrmBSBeiHym,5SBdHir3OHo2WZN0F3Pnbr,The Idea Of Her,10,2021-03-26,
45dkTj5sMRSjrmBSBeiHym,1mQNDOJZVMaPZEnRSvTZYO,Summer Hits,110,2024-04-21,
45dkTj5sMRSjrmBSBeiHym,5MZ8KBGWztnBxBlrLPRBZB,DRIVE,13,2023-04-21,
45dkTj5sMRSjrmBSBeiHym,1Cuu5JU4NyGzNzw3whVhKf,100 Greatest Running Songs,100,2023-10-17,
45dkTj5sMRSjrmBSBeiHym,3QOQli73d2qHfw8Y5aS76R,Hot Summer Party Mix,60,2023-05-19,
45dkTj5sMRSjrmBSBeiHym,2dYGTMqlV5r52u5Os7w8Im,10:35 (feat. Tate McRae) [Joel Corry Remix],3,2023-01-19,
45dkTj5sMRSjrmBSBeiHym,08nlCo5zY9nE3isQgZm4yf,u love u (with Tate McRae),1,2021-06-04,
45dkTj5sMRSjrmBSBeiHym,5CduLXvJDQbFtlDyjzMGuz,Sad Bops,43,2022-03-23,
45dkTj5sMRSjrmBSBeiHym,6vqNFOfIgqe0l2Ui47YSyO,misery lake,6,2021-08-13,
45dkTj5sMRSjrmBSBeiHym,4Ft2rFCFSXB88S7U0vy80Z,You (Topic Remix),2,2021-05-28,
45dkTj5sMRSjrmBSBeiHym,4NcNKEziN6KU6eBrKun7eg,DRIVE Continuous DJ Mix,15,2023-04-21,
33qOK5uJ8AR2xuQQAhHump,3egFmnuKrjoMAlqCfdw7KH,I've Tried Everything But Therapy (Part 1.5),14,2024-04-26,
33qOK5uJ8AR2xuQQAhHump,5X9OlMzgSCuoSay4SiJRFm,I've Tried Everything But Therapy (Part 1) [Live],10,2024-01-19,
33qOK5uJ8AR2xuQQAhHump,7nacKlk586eLRBSIsrk9DB,I've Tried Everything But Therapy (Part 1),10,2023-09-15,
33qOK5uJ8AR2xuQQAhHump,3AOLCTndOLnlC2jbi71beG,Dirty (feat. Teddy Swims),1,2024-08-02,
33qOK5uJ8AR2xuQQAhHump,0lFoxDrwrNWwtfw1KohwAN,The Door (CYRIL Remix),2,2024-07-26,
33qOK5uJ8AR2xuQQAhHump,2B4mk9YhSBZYi5fjLKVvr2,Funeral,1,2024-07-12,
33qOK5uJ8AR2xuQQAhHump,7KZQ4RX8Eqcx36FAWgCpx2,The Door (Tiago PZK Version),1,2024-06-14,
33qOK5uJ8AR2xuQQAhHump,2XvOroKs4BeolSv59e3tbN,Lose Control (Tiësto Remix),2,2024-03-19,
33qOK5uJ8AR2xuQQAhHump,5e9utk49wZhNgWGrca1Ufw,Lose Control (Live at The Ryman),1,2024-03-05,
33qOK5uJ8AR2xuQQAhHump,0wafgE8f3oztSY6jmbMzWL,Lose Control (Alt. Versions),12,2024-02-29,
33qOK5uJ8AR2xuQQAhHump,1iUKdH9SrtKcSaCbIVcrNj,Some Things I'll Never Know (feat. Maren Morris),1,2023-11-17,
33qOK5uJ8AR2xuQQAhHump,5QMiub2LonMqxB7dhtbPlX,Lose Control,1,2023-06-23,
33qOK5uJ8AR2xuQQAhHump,7w5T80ALRyJXKj0TbQ03Mw,Happy People (with Teddy Swims & Jac Ross),1,2023-05-24,
33qOK5uJ8AR2xuQQAhHump,5GqFftx87ccwc2WOCtHh6S,What More Can I Say,1,2023-05-05,
33qOK5uJ8AR2xuQQAhHump,0wwDGGiX6lAVuZDLG9oR2u,FACE MYSELF,1,2023-03-17,
33qOK5uJ8AR2xuQQAhHump,7zgbkS2BEkCAEDtsW69lN8,Easy To Love (Remixes),4,2023-02-24,
33qOK5uJ8AR2xuQQAhHump,5yFZxRJaW7Vrc7lV8cXl7s,Easy To Love,1,2023-01-06,
33qOK5uJ8AR2xuQQAhHump,0fc1W53T3llTmKSzRgaj3s,Sleep is Exhausting,6,2022-11-04,
33qOK5uJ8AR2xuQQAhHump,2jAnutEJgLvYaO73RBRKiJ,Only Love Can Hurt Like This (feat. Teddy Swims) [Remix],1,2022-09-23,
33qOK5uJ8AR2xuQQAhHump,6XTuLXNcNIzDaLzI6EwKXy,Better EP (feat. Teddy Swims),5,2022-09-16,
33qOK5uJ8AR2xuQQAhHump,37JX4Ei0qs624Og5HIDytL,All That Really Matters (Remixes),5,2022-09-02,
33qOK5uJ8AR2xuQQAhHump,7qTaZSmNrPdj909ayvnalM,All That Really Matters (Stripped Version),2,2022-08-26,
33qOK5uJ8AR2xuQQAhHump,5WzjpQ9cLRxTzK4AMn7Ipr,Don't Stop Believin',1,2022-08-24,
33qOK5uJ8AR2xuQQAhHump,4PXFoJesZ5XrO4mmwTSNfm,All That Really Matters (Will Clarke Remix),2,2022-08-12,
33qOK5uJ8AR2xuQQAhHump,2OW7PzcHkPrB2fY0fLvx4Q,All That Really Matters,1,2022-07-29,
33qOK5uJ8AR2xuQQAhHump,0sZCthcwNebNdmwpXXmMKI,Better (feat. Teddy Swims),1,2022-07-15,
33qOK5uJ8AR2xuQQAhHump,3cz4txvWNPFpw3xiPYVceu,Bad For Me (feat. Teddy Swims),1,2022-06-24,
33qOK5uJ8AR2xuQQAhHump,26WmAEmGUvMtHOd1emDVgG,Elephant in the Room (feat. Teddy Swims),1,2022-04-29,
33qOK5uJ8AR2xuQQAhHump,75MSTtzRgALg57B8yPJHAC,Loveless (with Teddy Swims),1,2022-03-25,
33qOK5uJ8AR2xuQQAhHump,0eVwqZNTNaLpBvD95NiN2d,Amazing (Strings Version),1,2022-02-11,
33qOK5uJ8AR2xuQQAhHump,5DAnXvsWlrq2zTPrjb8rjB,Tough Love,6,2022-01-21,
33qOK5uJ8AR2xuQQAhHump,3Mu5KFLcTiOXpWD4ETSGBy,Please Turn Green (Live Piano Version),1,2021-12-17,
33qOK5uJ8AR2xuQQAhHump,5Uz5dJxxx80FlqetqpvCJp,A Very Teddy Christmas,6,2021-10-15,
33qOK5uJ8AR2xuQQAhHump,7EjIKCV3OsHJqXObEbdGbz,Simple Things (Piano Version),2,2021-10-01,
33qOK5uJ8AR2xuQQAhHump,1tOEXqqFrTxoyHTXhvb8E5,Bed on Fire (with Ingrid Andress),1,2021-09-17,
33qOK5uJ8AR2xuQQAhHump,6UgNw0NOw3Ixs0kAWl7RGr,Unlearning,7,2021-05-21,
33qOK5uJ8AR2xuQQAhHump,1y4EXdd5gsE3HFHSBXN4uf,Bed on Fire (Stripped),2,2021-05-14,
33qOK5uJ8AR2xuQQAhHump,6wSN7NkylN8rRm6Z4QqFTg,Bed on Fire,1,2021-04-23,
33qOK5uJ8AR2xuQQAhHump,7KNGS1OOy0u8NHQxY553D7,My Bad,1,2021-02-03,
33qOK5uJ8AR2xuQQAhHump,6G1IliLfJTzCkHBvj5idiS,Broke (feat. Thomas Rhett),2,2020-10-23,
33qOK5uJ8AR2xuQQAhHump,62pBPQwcPJFQLbIMrFQfYe,Broke,1,2020-08-28,
33qOK5uJ8AR2xuQQAhHump,5AVgN2eYblXYC4881DA9Dc,You're Still The One,1,2020-07-17,
33qOK5uJ8AR2xuQQAhHump,3HmdaZodludvMhYYh52piX,Picky (Acoustic),2,2020-06-26,
33qOK5uJ8AR2xuQQAhHump,6FM3DFNTx8Xzke2ucmNY7N,What's Going On,1,2020-06-12,
33qOK5uJ8AR2xuQQAhHump,4vh9LW3igRT6NayBnmb8fZ,Blinding Lights,1,2020-05-15,
33qOK5uJ8AR2xuQQAhHump,0Fg4s2vE0u9TOwVLWb3OVV,Picky,1,2020-01-17,
33qOK5uJ8AR2xuQQAhHump,1koWKapUQc4aFyOt3KoAF9,I Can't Make You Love Me,1,2019-10-04,
33qOK5uJ8AR2xuQQAhHump,4RC8AQINYpJrohzaxq6gSW,Night Off,1,2019-08-30,
33qOK5uJ8AR2xuQQAhHump,5e3GudnXw3whduY1LIYh4f,Rivers,1,2019-08-23,
33qOK5uJ8AR2xuQQAhHump,2e5jps2AoZA1q89RCCocHR,Someone You Loved,1,2019-07-26,
7nqOGRxlXj7N2JYbgNEjYH,2Jrp37x38qZqtyrIrfxN4H,SEVENTEEN BEST ALBUM '17 IS RIGHT HERE',33,2024-04-29,
7nqOGRxlXj7N2JYbgNEjYH,1rE0Gy69MFUh4GuXafWd0f,SEVENTEEN 11th Mini Album 'SEVENTEENTH HEAVEN',8,2023-10-23,
7nqOGRxlXj7N2JYbgNEjYH,5Qae32LmUnMlJRqZv2BWvY,ALWAYS YOURS,27,2023-08-22,
7nqOGRxlXj7N2JYbgNEjYH,15pRJdCJtDyzQaY9tGs750,SEVENTEEN 4th Album Repackage 'SECTOR 17',13,2022-07-18,
7nqOGRxlXj7N2JYbgNEjYH,4lfFgz2rD1irxf7dZhNJht,SEVENTEEN 4th Album 'Face the Sun',9,2022-05-27,
7nqOGRxlXj7N2JYbgNEjYH,2PIReru2w5i4JXOzeZnamd,SEVENTEEN 9th Mini Album 'Attacca',7,2021-10-22,
7nqOGRxlXj7N2JYbgNEjYH,5HlxNTQpJb7buoWIRS4M7T,An Ode,11,2019-09-16,
7nqOGRxlXj7N2JYbgNEjYH,5aHdNainJWMc3n2AqfiOg5,"SEVENTEEN 2ND ALBUM 'TEEN, AGE' (2)",13,2017-11-06,
7nqOGRxlXj7N2JYbgNEjYH,7mP7AFehQDonPKEQiXvpvB,Love&Letter repackage album,15,2016-07-04,
7nqOGRxlXj7N2JYbgNEjYH,50BrkBakrLWufmTLjCVBwn,SEVENTEEN 1ST ALBUM [FIRST ‘LOVE&LETTER’],10,2016-04-25,
7nqOGRxlXj7N2JYbgNEjYH,7GGV2EX8kvyOrb31e3qJSB,MAESTRO (Orchestra Remix),3,2024-05-03,
7nqOGRxlXj7N2JYbgNEjYH,6oeww5DTxCKE4h5sSkoRjI,Super (Workout Remix),1,2024-02-16,
7nqOGRxlXj7N2JYbgNEjYH,2tVPLB5F9IsgPn4mvLQ7RJ,God of Light Music,3,2023-12-25,
7nqOGRxlXj7N2JYbgNEjYH,4MHZnwMTrnhgoSJKe1KSqP,Dirty Dancing (Dem Jointz Remix),1,2023-09-01,
7nqOGRxlXj7N2JYbgNEjYH,1Q9cks7ruxKgspE9EFroNR,Sara Sara,1,2023-08-15,
7nqOGRxlXj7N2JYbgNEjYH,1JBzeeCJ3axQMVkqWbKh0I,SEVENTEEN 10th Mini Album 'FML',6,2023-04-24,
7nqOGRxlXj7N2JYbgNEjYH,5tVF9innz1XK3xj72Phi7e,BETTING,1,2023-01-17,
7nqOGRxlXj7N2JYbgNEjYH,2cXtPWMSKgf55ERnDrzZQb,DREAM,4,2022-11-08,
7nqOGRxlXj7N2JYbgNEjYH,63oE2Ew3Mud2Md9TXBjeKw,_WORLD,1,2022-08-26,
7nqOGRxlXj7N2JYbgNEjYH,0Dl7e3uv3UrVDdZ6saplzH,Darl+ing,1,2022-04-15,
7nqOGRxlXj7N2JYbgNEjYH,3fqYnHqWRVePkZzPQpxclM,Power of Love,3,2021-11-29,
7nqOGRxlXj7N2JYbgNEjYH,0wjfQ5rrQIRFuSPvAbZBX4,"HOSPITAL PLAYLIST Season2, Pt. 8 (Original Television Soundtrack)",2,2021-08-13,
7nqOGRxlXj7N2JYbgNEjYH,7MTpKyUYyNH7yiOYCZU5Op,"逆燃 Warrior (JOSHUA, 文俊辉, 徐明浩, MINGYU, VERNON from SEVENTEEN)",1,2021-07-30,
7nqOGRxlXj7N2JYbgNEjYH,79VvXTQNeLr8KmvcdxN0Pc,SEVENTEEN 8th Mini Album 'Your Choice',6,2021-06-18,
7nqOGRxlXj7N2JYbgNEjYH,2tx3OgTQe02ygUiWPEevFi,ひとりじゃない,3,2021-04-15,
7nqOGRxlXj7N2JYbgNEjYH,1EMYSiKKTSKLZrOC2nTStL,, [Semicolon],6,2020-10-19
7nqOGRxlXj7N2JYbgNEjYH,7mzdXVXYiXgZEuj3zMspDs,17 (feat. Joshua and DK of SEVENTEEN),1,2020-09-17,
7nqOGRxlXj7N2JYbgNEjYH,60z8h4jCOyt36F3Arn8RGD,24H,5,2020-09-08,
7nqOGRxlXj7N2JYbgNEjYH,24Uj6VdVytaReqt1KJWxfc,24H,1,2020-08-24,
7nqOGRxlXj7N2JYbgNEjYH,3q6lN3kfsDgGaQUC7kVASH,Heng:garæ,6,2020-06-22,
7nqOGRxlXj7N2JYbgNEjYH,3LhruYOSl2NPClKMGRpA2W,舞い落ちる花びら (Fallin' Flower),3,2020-03-31,
7nqOGRxlXj7N2JYbgNEjYH,5IIk4i6IkmsnF8UtRBMAeI,HIT,1,2019-08-05,
7nqOGRxlXj7N2JYbgNEjYH,2SrJI9UCeYzVXYripQVnbi,Happy Ending,3,2019-05-29,
7nqOGRxlXj7N2JYbgNEjYH,3U2CtLGvuiukljwO8rPoVk,A-TEEN2 Part.2,1,2019-05-19,
7nqOGRxlXj7N2JYbgNEjYH,2Ng7FzZoNzpj4z8VRDHyb5,SEVENTEEN 6th Mini Album 'YOU MADE MY DAWN',6,2019-01-21,
7nqOGRxlXj7N2JYbgNEjYH,26iFbCpQBTif2lNyAM7tEo,Oh My! (Chinese ver.),1,2018-08-28,
7nqOGRxlXj7N2JYbgNEjYH,62kX5esOPtWPjfCbT7tQwb,A-TEEN Part.3,1,2018-08-13,
7nqOGRxlXj7N2JYbgNEjYH,5VmjGHq779chFVL7dgLbyo,SEVENTEEN 5th Mini Album 'YOU MAKE MY DAY',6,2018-07-16,
7nqOGRxlXj7N2JYbgNEjYH,21mnRCzvXqfiY0uRePOEav,WE MAKE YOU,5,2018-05-30,
7nqOGRxlXj7N2JYbgNEjYH,5QpD7kgp5dpkNFuG6ez2yI,SEVENTEEN SPECIAL ALBUM 'DIRECTOR'S CUT’,4,2018-02-05,
7nqOGRxlXj7N2JYbgNEjYH,2BNimvLLlD89e4Sb7ZVX6I,SEVENTEEN 4th Mini Album ‘Al1’,6,2017-05-22,
7nqOGRxlXj7N2JYbgNEjYH,3wXGFboFgcK9ezbPuSrKk9,Seventeen 3rd Mini Album ’Going Seventeen’,8,2016-12-05,
7nqOGRxlXj7N2JYbgNEjYH,7Aqd8W6pvEpoK1fL5DILcm,2016 월간 윤종신 2월호 - Chocolate,1,2016-02-12,
7nqOGRxlXj7N2JYbgNEjYH,4qpCDSbJiez1wPcplEv2ET,Q&A,1,2015-12-04,
7nqOGRxlXj7N2JYbgNEjYH,18aXrsD7zdPD6NSIfdwExD,SEVENTEEN 2nd Mini Album ‘BOYS BE’,5,2015-09-10,
7nqOGRxlXj7N2JYbgNEjYH,0H2K2JrzdvJcxBEPyxC2sl,SEVENTEEN 1st Mini Album ’17 CARAT’,5,2015-05-29,
7nqOGRxlXj7N2JYbgNEjYH,3chqJvgxqZfXOhISPnJCNs,电视剧《你微笑时很美》影视原声带,11,2021-06-23,
7nqOGRxlXj7N2JYbgNEjYH,46NPb9fH3T2zU2hsy1N0g3,HOSPITAL PLAYLIST Season2 (Original Television Soundtrack),53,2021-09-24,
7nqOGRxlXj7N2JYbgNEjYH,4zHMHAiUnet2iRCpbd1nXH,The Block Revisited (Deluxe Edition),30,2023-11-03,
7nqOGRxlXj7N2JYbgNEjYH,6OKmYzeMX879FoER3lvL5n,"Click, Click, Click (Phantogram Remix) / Dirty Dancing (Dem Jointz Remix)",2,2023-10-20,
4SpsVETdnMLwPHyOW0FlQz,5MAjVv7WurPPrGaPJpSvdl,行至此地,10,2022-12-27,
4SpsVETdnMLwPHyOW0FlQz,4WKOFwAsAlJkGYshJD7mhf,队长的音乐世界,10,2021-05-25,
4SpsVETdnMLwPHyOW0FlQz,5nrn04CxoNTwdwNLfip00h,炊烟,2,2024-07-26,
4SpsVETdnMLwPHyOW0FlQz,7pyC7JFUyYg20pyfMjOmKP,行至此地2023-2024,3,2024-03-22,
4SpsVETdnMLwPHyOW0FlQz,0TfZaeqAps4KO9VONbs6Uu,影子,1,2024-03-06,
4SpsVETdnMLwPHyOW0FlQz,2I0gqWg2K0yDAR7ZL4Dj13,理想国,1,2023-12-17,
4SpsVETdnMLwPHyOW0FlQz,201rFGNQbbrNWKaazWML1x,碎碎念,5,2023-11-15,
4SpsVETdnMLwPHyOW0FlQz,7gAsJSljbS6Opytr87LnkW,尋我,1,2023-11-08,
4SpsVETdnMLwPHyOW0FlQz,7idftMBmM45aYgcNiAEwQs,風,1,2023-11-01,
4SpsVETdnMLwPHyOW0FlQz,1eQUWHUkrecwPHXaJoUnoR,一定会再见吧 (with 黄礼格),2,2023-04-25,
4SpsVETdnMLwPHyOW0FlQz,6kT8hDW8Y5CAFewIYNnA7I,杏花雨绵,3,2023-04-05,
4SpsVETdnMLwPHyOW0FlQz,3aAIxAZuJWDLSZ3VNUUDZR,梦游,4,2023-02-25,
4SpsVETdnMLwPHyOW0FlQz,59QT4wQfuNoiJbrv6Y8uSa,NUNA 2.0,2,2022-11-16,
4SpsVETdnMLwPHyOW0FlQz,3q988MNRDhIto8xDT7ireC,NUNA,2,2022-08-31,
4SpsVETdnMLwPHyOW0FlQz,6qaAwFveJ2LfNxlKVgGzjZ,武家坡,2,2022-04-08,
